vh,vv,vv_by_vh,Class of Land
0.1182078866081105,0.0223578617571749,6.192660180049487,1
0.1198753136106663,0.0249329955161859,7.531926098181423,1
0.101797041690184,0.0231908830917543,6.288334811281716,1
0.1306377182093759,0.0221248877286497,7.320787791763522,1
0.1268688031834446,0.0262172421725052,6.659247300848431,1
0.0968371723364624,0.0280912065257628,4.837081245868224,1
0.1180173482021523,0.0254291115884876,5.361589137413243,1
0.1195237400631109,0.0200371807570465,6.524532818616026,1
0.1304770240353213,0.0314967341126046,4.28795989602977,1
0.1159208193421363,0.0242188561436099,5.542073989926363,1
0.1247025136318471,0.0242760008485573,5.961338756215928,1
0.0809749100978175,0.0240639267334093,4.074271167971904,1
0.0969558998735414,0.0254390918287552,4.764550972823233,1
0.1038597573577943,0.0240312204178836,5.47131760412481,1
0.1665435868522359,0.027842953600662,7.4079951469888226,1
0.1248835453556643,0.0279139773273426,5.40664409703273,1
0.1146666255986525,0.0287489851082985,5.601798717572973,1
0.1021630451497104,0.0224497366644856,5.111277241325923,1
0.0847082733590569,0.0229664202132779,4.9406180311478005,1
0.1194223924022581,0.0309416209347546,4.674193037017619,1
0.1201623117861648,0.0250794524714971,6.421886696940169,1
0.095884488740315,0.0283252165601071,4.52497353969775,1
0.1254732155551513,0.0260073683069398,6.493155821810599,1
0.0925773031388719,0.0256984500059237,5.474429339404611,1
0.1120315192577739,0.0254692964954301,5.77190300608857,1
0.1053283095308062,0.0235265654046088,5.01918126311693,1
0.0985489924205467,0.021907531559312,6.330780525158035,1
0.099770601812957,0.0237266953724126,4.157557291409548,1
0.1104447987034089,0.023846938915085,5.771412595284272,1
0.1148086009133193,0.0285071846252928,4.923335024186471,1
0.1248111650865111,0.027279163736643,6.4507260835735805,1
0.1282718610535893,0.0256350894406851,5.172993236430123,1
0.103464293681706,0.0255813568364828,4.357615325106872,1
0.1003231033941523,0.0238934102946788,4.761469411346397,1
0.1058888184165375,0.0260225636819894,5.77305961083167,1
0.0883962658440901,0.0258870773767638,4.826196695604859,1
0.1082947254180908,0.0247920120083209,5.741907782245426,1
0.1097801150495393,0.0266190849296334,5.431418156761403,1
0.0939202471118834,0.0216039149090647,4.949733702362969,1
0.0982293679068486,0.0279280985446853,5.142684603100523,1
0.1055901023145351,0.0236709918438767,6.229892024713734,1
0.0857473749977846,0.0249392226234906,3.7315220627722354,1
0.0997292920429673,0.019596043948291,5.311258270406466,1
0.1166784223427789,0.0283143879043766,5.146671234237632,1
0.1193689043219718,0.0250645835961525,5.373712701474874,1
0.1046804306097328,0.0243664214568626,4.748732900505096,1
0.1012855809078448,0.0256035310837129,5.267948338548637,1
0.1106721611641761,0.0243352376467858,5.616989452970778,1
0.1045034468794862,0.0242594001659502,5.859220560639012,1
0.1309575711687406,0.0269351780880242,6.316094454903716,1
0.1430246358116468,0.0212075837965433,7.808307430830467,1
0.1260247577188743,0.0275260076030261,5.488182083551084,1
0.1011894822845028,0.0244029846508055,4.6072712300723335,1
0.1002953198427955,0.0264240706132517,4.826644888747264,1
0.1051491501016749,0.0242243335815146,4.837963438628056,1
0.0969572144612256,0.0234938083190677,5.329734188043187,1
0.0814136740648084,0.0214835924303366,4.554404330004534,1
0.1132363810773111,0.0256710800911403,4.923829285350823,1
0.1236966309241122,0.0269152836925867,7.050313018405441,1
0.1060167064165903,0.0300194683044941,4.123159317349327,1
0.1186085547217064,0.0297079555069406,7.361249651394035,1
0.0950192767712805,0.0250318986105008,5.368242121822814,1
0.0841903363664944,0.0200644570609761,4.966482963489524,1
0.1018620132882562,0.0304028192121121,3.922234412572157,1
0.1312888431259327,0.029835608218693,5.448051358159676,1
0.1014518815920584,0.0248229907075357,4.426382704260707,1
0.1235317372354782,0.0265164180244836,5.581875266905495,1
0.1386882110188404,0.0294611756172445,5.827139493710681,1
0.1051099091354343,0.0274004886289023,4.5610980275211785,1
0.1048448495049443,0.0216338636301871,5.787986811557899,1
0.1004149288766914,0.0265128176090204,5.1657854401508905,1
0.106893515576505,0.0216935934084985,6.3536614963719735,1
0.1122647480418284,0.024516648832812,6.635510769579785,1
0.1051293547368711,0.0270299571566283,4.986359844330378,1
0.0956360032885438,0.0207465329052259,5.284090865083348,1
0.1066095458550585,0.0243293140989003,6.228088209106365,1
0.1044906299664742,0.0221610644366592,5.478237897356102,1
0.1342970771301123,0.0271159073907054,6.280052840396456,1
0.1155481291934847,0.0206856738982929,6.652622704404223,1
0.1189675792120397,0.0305691558169201,4.602010538794381,1
0.116537493136194,0.0217308382141507,5.42440251077112,1
0.088125896329681,0.0233477872356565,4.394113282716094,1
0.1146903118739525,0.0265558558619684,5.573312833856706,1
0.0971060154131717,0.0268435552457554,5.95852998322371,1
0.1022062645190292,0.0267218017898913,4.711283964115664,1
0.1013555380308793,0.0262274116458785,5.0398234096450505,1
0.1681370244671901,0.0175215286176858,12.130888021402988,1
0.1067639683476752,0.0240522730940332,6.231968583026877,1
0.0849181519200404,0.0216122060600254,4.725103821882367,1
0.1170784952118992,0.0282740625100106,6.095336190229269,1
0.1270068062262402,0.02629656464948,6.169731158737701,1
0.115853604239722,0.0291777102069722,4.592726243778753,1
0.1100182395635379,0.0262129972430153,6.7920748475952815,1
0.1371563263754877,0.0330698662502173,4.373295273724182,1
0.1189544925259219,0.0239849222772237,6.37693757363342,1
0.0986554720697717,0.0315475976223953,4.227643869505181,1
0.0926952129747304,0.0228159123540131,5.582841330749237,1
0.1043834061258369,0.0253403221722692,4.614244702035495,1
0.1285796993308597,0.0247475502546876,6.4237231994346855,1
0.0861186077818274,0.0221923039449999,4.196247884130893,1
0.1014290180367728,0.0258091075294133,6.269286033775505,1
0.1202453597862687,0.0297710215478825,4.713879411546513,1
0.1017550571511189,0.0288551712356921,4.339891330208179,1
0.1244598209030098,0.0269780301540676,7.412212894387011,1
0.0993459520654545,0.0247345752755386,5.213233846663439,1
0.1163355667506241,0.0248037526099425,5.293802279920239,1
0.0998723602646754,0.0235254591809482,4.720269660770572,1
0.1200066548772156,0.0268034922062522,5.74182628160435,1
0.153154455539253,0.0263420517245928,7.334348869793753,1
0.1356485545531743,0.0258576712545214,5.6080219389992445,1
0.1270516792622705,0.028480701911677,5.227589491403004,1
0.1098665370502405,0.0259711439850636,4.70252836072514,1
0.2093603673080603,0.0284221274778246,9.025570552298952,1
0.1851397930747932,0.0277729383799143,8.240518803281397,1
0.1153481321719785,0.0200176363060664,7.336397184908021,1
0.0932539261670576,0.0243045125260121,4.817221926168787,1
0.1277878321707248,0.0220869879962669,7.682623549491327,1
0.0980757780166135,0.024817278000733,4.2797002234468575,1
0.1009013402896622,0.0228823917374635,4.673908135139399,1
0.103940083955725,0.0229608552633888,6.339903808267109,1
0.105583247107764,0.0253120562087537,4.796995364428799,1
0.1026772794624169,0.0242048873721311,5.3369053783991545,1
0.1459722077318777,0.0232599909197435,8.023498509378872,1
0.1215371256176796,0.0292991614357257,5.114460174915402,1
0.1083280784077942,0.0254743716343202,4.848805047579387,1
0.1175301347134841,0.0265608476474881,6.088011718790104,1
0.1235025682124412,0.0295729131903499,6.836629771874453,1
0.1071947241822878,0.0271363526893158,4.05280184753955,1
0.1174997551780608,0.034524959188679,3.776718296321261,1
0.1044741093905435,0.0240690495508412,5.022001217674569,1
0.116104367085629,0.028280016940294,4.820854721746767,1
0.1369163756672707,0.0270643090803383,5.694939468420177,1
0.1591455749132567,0.0273647371343233,6.665619230286664,1
0.0975635341989497,0.02071609456713,5.265223298148806,1
0.1010997307797273,0.0245928641977823,4.479999222368307,1
0.0966744049090064,0.0244676793485672,4.756686008256653,1
0.1401267909548348,0.0262388151216631,6.257472620577943,1
0.1188963345355457,0.0262648256547335,4.786085209701338,1
0.1247112641317976,0.0277135510954798,5.619996621137025,1
0.0855807725650568,0.0243668192350823,4.358394415961941,1
0.0977679224063952,0.0240496578755685,4.983072899376697,1
0.1115278832407461,0.0275870938914724,5.543610596908457,1
0.1182851412643988,0.0251039779331121,5.504911815885103,1
0.1127157561067077,0.0287913397575418,4.258510354245955,1
0.1031944355927407,0.0278760123506395,5.490578096435455,1
0.090223176844625,0.0239771810981134,3.874038415538096,1
0.1162457088422444,0.0224396740603778,5.217142575896407,1
0.1253533057040638,0.0230653148480794,7.799216038140802,1
0.1174991468691991,0.0219707298092544,6.598854954460596,1
0.1028230757349067,0.0234006921010505,4.802524294443494,1
0.1341837433477243,0.0284162417778538,6.111590671370891,1
0.1552402033574051,0.0396529840719368,4.903043457451432,1
0.144963053572509,0.0331601630637629,5.418202266856879,1
0.1870587023182047,0.031556683864134,6.674597678404798,1
0.1630832312835587,0.0283918988554634,7.805992906445953,1
0.1357294859157668,0.0331050270081808,4.209532107509855,1
0.1613752889550394,0.0345297004613611,4.833604399434048,1
0.1246404267019695,0.0198868169035348,6.945150371700716,1
0.1075001769802636,0.02651679293356,5.373441841815986,1
0.1339787311024136,0.0252925031301048,7.262757434197244,1
0.1328469484837519,0.0304493007974492,4.656532607358042,1
0.1336721818273266,0.0294426203084488,5.764909635805847,1
0.1665527692271603,0.0284583097737696,7.118061470100525,1
0.1327916106416119,0.0287656136788427,5.564936527207012,1
0.14957838319242,0.0300959955202415,6.882197649017367,1
0.1151454373676743,0.0270693141630747,5.555451681485803,1
0.1412798404279682,0.025346889729715,8.411182419952071,1
0.1207019293473826,0.0301194137039904,5.700710376927097,1
0.1480030730987588,0.0317765054060146,6.193487843370694,1
0.141947868383593,0.0355907982836167,4.349705193376713,1
0.0950907967570755,0.0230772003479715,4.940946183397774,1
0.1426603229095538,0.0238212159990022,6.843885652679414,1
0.135972762790819,0.0282509613057805,5.281591161409112,1
0.1172849687023295,0.0272862141072336,5.6361540139112725,1
0.1751332407196363,0.0325398093296421,6.677093556842603,1
0.1579059364481104,0.0292979532128406,6.349258168101379,1
0.1306120095153649,0.0226904130152737,8.063739496060258,1
0.1967966782136095,0.0347942036266128,5.7010923472450274,1
0.1351984074960152,0.030818744472021,5.287314324151728,1
0.147091733964367,0.0299610445379383,6.625798123631553,1
0.1350654022147258,0.0298631827657421,7.717180570504728,1
0.123674281562368,0.0285741250134176,5.306515403486408,1
0.1296540129308899,0.0292263501841161,4.982756483178715,1
0.1358796283602714,0.0271017380032895,6.677043896594629,1
0.1778744181825055,0.0300061047180659,7.826985510296694,1
0.1175353248707122,0.0313062257288644,4.10437359557969,1
0.1307041998952627,0.0297398144224037,5.896220419362283,1
0.128581658937037,0.0269044164775146,6.251541160675382,1
0.1942710864047209,0.0329076955612334,6.953287140931548,1
0.1415540530449814,0.0292344103670782,7.275191779051783,1
0.1433807519367999,0.0271544650248769,7.974473220900886,1
0.142277298702134,0.0277348326829572,6.903742073833061,1
0.1391273892174164,0.0237822210054016,7.685305410872394,1
0.1441557828543914,0.0325348324970238,4.780679802195986,1
0.1303435266017913,0.0272247188388266,6.103496813496212,1
0.1228762437692946,0.0275827704980555,5.643295657748887,1
0.1257659339656432,0.0276199876486013,6.067170128375458,1
0.1582729150023725,0.0317795414270626,5.261116831672887,1
0.1201904307429989,0.0264876279462542,5.765760777189611,1
0.1254805858350462,0.0298626452891363,6.116886007397115,1
0.1455271852513154,0.031899067469769,5.050369485948481,1
0.1452997695240709,0.0331574343920995,5.815914646571452,1
0.133106385047237,0.0310352899962001,5.978729506105342,1
0.1430976152833965,0.0259908533965547,7.567286153907727,1
0.1742013324466016,0.0259451396349403,7.805116038118426,1
0.1436132424407535,0.0340155901180373,5.855535422674295,1
0.1247602270709143,0.0270910663788931,6.199972963953023,1
0.1534970230940315,0.0295468972374995,6.172219642686911,1
0.1735511153108543,0.0319254369888868,6.14731025125997,1
0.1518824152234527,0.0304991552451004,6.871307888366626,1
0.1471618823707103,0.0289461655128333,6.188285615912702,1
0.140611954861217,0.0274157432270132,6.478954867606451,1
0.1224562113380266,0.0301159528834331,5.591454579500858,1
0.1252639186051156,0.0248619131485207,6.163091777270923,1
0.1764423754066229,0.0315166770273612,6.302690378345715,1
0.1602557907915777,0.0304297196368376,6.026019606252821,1
0.1528126899566915,0.0289830984418383,6.036164855597109,1
0.144080296676192,0.0336046427126146,5.356879631350529,1
0.1174573723433746,0.0257439388919414,5.006317063952059,1
0.133691748448958,0.0269879964956392,6.876979591652402,1
0.1732008196413517,0.0291152216442343,8.174611326958694,1
0.1487705531633562,0.0367425706030593,4.119877862905044,1
0.1802850883040163,0.0366496554989781,7.165562843638123,1
0.1110188945507009,0.0265070055740781,4.719160241209968,1
0.1149700714999602,0.0224533210922446,7.188999372273496,1
0.113593997589002,0.0263641708038954,5.682501378039862,1
0.1211377209466364,0.0245166496218492,6.620454263144568,1
0.1188360024243593,0.0293420323739863,5.14938920330719,1
0.1301394356414675,0.027588561280734,6.109476677344382,1
0.1335891323784987,0.0305444128656138,5.033895313110361,1
0.1363883363083005,0.0250676123865155,7.775603899525385,1
0.1574438479211595,0.0329972364577568,5.215487329960314,1
0.149942114457695,0.0369617332859585,5.569684257150728,1
0.1620308386368883,0.0319098536468421,5.244806633422602,1
0.1703672984408007,0.0364872369294365,4.866893858005091,1
0.1739787786371178,0.036524411653065,5.22788276777729,1
0.1404040340437657,0.0283924327361293,5.69836464126698,1
0.146904402722915,0.0281686439282364,7.177584859463544,1
0.1372665332423316,0.0307959362916234,5.212773590503939,1
0.1350221709451741,0.0293257240361223,5.638581527713303,1
0.1434584892251425,0.0256306902350236,7.712439408106666,1
0.1792383401965101,0.0316855789472659,5.853484376583391,1
0.1469544101920392,0.0305622160020801,5.864766370399529,1
0.1672183272118369,0.0353235200875335,5.648941261738924,1
0.1485631515582402,0.0304287982483704,5.45387361352278,1
0.1399667943931288,0.0283367712981998,6.666042947795109,1
0.1257420378840631,0.0287575570659504,4.849586519846859,1
0.1507055639392799,0.0330052431672811,5.338119975885977,1
0.1670402272914846,0.0290482010330177,7.301891468611667,1
0.1579629075196054,0.0295490332387594,7.1191414111335725,1
0.1548518535370628,0.028402363997884,8.153370683850385,1
0.1709106870823436,0.0277315135527816,7.324367995268683,1
0.1360461524584227,0.0309354426054697,5.193303714498873,1
0.1258242562827136,0.0262447763234376,5.911960020767502,1
0.1316340817138552,0.0228618047355363,7.485299438615759,1
0.1502156273151437,0.0275588556994787,7.1964879295624895,1
0.1443197247572243,0.0308200044350491,6.646765439973739,1
0.1522329927732547,0.0290584723051223,6.589482221096113,1
0.1917443966699971,0.0343463977074457,6.645579289997478,1
0.1335550945045219,0.02515311674991,6.66293816541922,1
0.1369672740499178,0.0241372651524013,6.457998009566548,1
0.120960247495936,0.0266994820881841,5.291858739351778,1
0.151787265514334,0.0309305727197271,5.814466729900353,1
0.1385321828226248,0.0285115270461473,6.2840565813218925,1
0.2026762229700883,0.0334276772207684,7.474240699110662,1
0.1566646088742547,0.0280723757395106,8.449078648923741,1
0.1494337568680445,0.0286917199587656,6.213836698054331,1
0.122537558639629,0.0231511313209517,5.441898490723413,1
0.1673649392194218,0.0318894206235806,6.597837219932134,1
0.1530058255626095,0.0340991854771143,5.197856227605678,1
0.1583033820821179,0.0323730095341387,6.591121248079393,1
0.140677946102288,0.0277050647936347,6.022751635246415,1
0.1345603097644117,0.0302501595837788,5.909664836463741,1
0.1634167962604099,0.0297864387329253,7.264020529031433,1
0.1690706130531099,0.0252215509406394,8.285748596902287,1
0.1757985252059168,0.0288325754097766,7.457677063789562,1
0.1702792478932274,0.0370395286008715,5.152138604015359,1
0.1326531819585296,0.0253553641701324,7.161964826069267,1
0.1462973569416337,0.0302565506038566,6.2159893035961264,1
0.1354360971599817,0.0274883540243738,6.006333799456932,1
0.1281527146283123,0.0279737630238135,6.083449293182941,1
0.1265808608796861,0.0283044735745837,5.407959183746642,1
0.1494198774711953,0.0308762394383342,5.905621314976148,1
0.1855382840666506,0.0354352134486867,7.366248113936125,1
0.2030084951677256,0.0362877736075056,6.2222182706991385,1
0.1932393257609672,0.0305377370677888,7.933713250626212,1
0.1433189060125086,0.0270433312851107,6.499405578735767,1
0.1518232416775491,0.0260383715956575,6.92341930757784,1
0.1468297980932725,0.0285881251458906,5.117817882034057,1
0.1436375487181875,0.0320521706146084,4.88229293460372,1
0.1507999909420808,0.027282612501747,6.684072792817755,1
0.1582092307507991,0.0249554661826954,7.224534095187876,1
0.158735472915901,0.0370992915704846,4.529274656539139,1
0.1931956842955615,0.0388089210933281,5.513703130883901,1
0.122213145562758,0.0293048504584779,5.357713161950498,1
0.1499241725541651,0.0303312405141898,5.819340211290156,1
0.1610328931775358,0.0362433476839214,5.034514205522431,1
0.1658306025589505,0.0335652794456109,6.386975322791932,1
0.1349304214947753,0.0234241433014782,7.898385366897987,1
0.1303015659666723,0.0298017785211818,5.173658337369626,1
0.2032362537251578,0.0503414575424459,4.100349865387959,0
0.1850164611306455,0.0530821248475048,3.679021455470711,0
0.2086086467736297,0.0539974909172289,4.047063514848326,0
0.2318644815435012,0.0584954915361271,4.074136772324578,0
0.2161866082913345,0.052316284014119,4.162591927748201,0
0.1738361436873674,0.043027974354724,4.170171385718536,0
0.1755521771394544,0.0421964757454892,4.402501025036644,0
0.1935663900027672,0.0432696859869692,4.642833133238639,0
0.1927236622820297,0.0471953235359655,4.224208850215846,0
0.2756724626653724,0.0549815512365765,5.157299290796441,0
0.1947792439411083,0.0477299749230345,4.217393554417582,0
0.225686490535736,0.0511406106460425,4.62106623330614,0
0.2601663180523448,0.0551552844958172,5.02018646666479,0
0.258314569791158,0.0594912838294274,4.490907683988501,0
0.2587060092224015,0.0604336037197046,4.492603472365717,0
0.2270504343840811,0.0484295174893405,4.757775492855683,0
0.2185319204711251,0.055849052965641,3.9953586362166007,0
0.2670484474963612,0.0555624555175503,4.713237467998638,0
0.2556263245642185,0.0542571027763187,4.760085261863119,0
0.2553145061764452,0.0521883426441086,4.889511816800797,0
0.219006079973446,0.048770242732846,4.478079057090889,0
0.1912562093800968,0.0468522862324284,4.086317700117002,0
0.2125067868166499,0.0526764020323753,4.235020671640116,0
0.1803122332526577,0.0506965391751792,3.649834475461291,0
0.1975822415616777,0.0553554756980803,3.591826403558046,0
0.1948643473701344,0.0529848797660734,3.706062799436499,0
0.1580917982177602,0.0441510638015137,3.783621419751517,0
0.2046267063253455,0.0539027984874943,3.8818400643447,0
0.1936769992527034,0.0525951293917993,3.8837252430098186,0
0.180651175065173,0.0473516462370753,4.014124007376158,0
0.1904146160102552,0.0469298546926842,4.222737012295109,0
0.2354870831800831,0.0485790612486501,4.7752198549986,0
0.2590746846463945,0.0504306484427717,5.124804082681674,0
0.2204691486226188,0.053664901604255,4.167161502278543,0
0.2825225885543558,0.0630725252752502,4.699712152039955,0
0.2948184294833077,0.060549813012282,4.956357329891999,0
0.2192588158779674,0.059788696674837,3.840542234409365,0
0.2650147672328684,0.0608893272777398,4.492835321045123,0
0.2306219631185134,0.0487363949004146,4.777343854167922,0
0.1943068616092205,0.0451690251421597,4.3655546884110406,0
0.18769130234917,0.0402887531349228,4.67710564065845,0
0.1751539113206995,0.0389076930781205,4.643669846039126,0
0.1639783903956413,0.0410305940442615,4.103507230472861,0
0.2201128796570831,0.0510390752719508,4.376375145330806,0
0.2319794330332014,0.0571843463306625,4.265227678138703,0
0.1974604044937425,0.0465041495756142,4.34888482907746,0
0.2524806339707639,0.0641325638732976,4.107136741209982,0
0.2443149536848068,0.0485360083273715,5.198203840242907,0
0.2532178776131736,0.0506889071936408,5.093166895959687,0
0.254102713531918,0.0506353308964106,5.13358549695102,0
0.2655727855033344,0.0534800255878104,5.301557391149292,0
0.2303417151172956,0.0518881688411864,4.633703777449479,0
0.2250335791872607,0.0533497880937324,4.376839890939115,0
0.2463869634601805,0.0602458120427197,4.243454023078355,0
0.2251466011835469,0.0555171815471516,4.163977509164442,0
0.2177093505031532,0.0564761784755521,4.06766598757366,0
0.2564247180190351,0.0555783858936693,4.857401242907983,0
0.2173485064672099,0.0522400992922484,4.431901989128104,0
0.2273295904613203,0.0554339395215114,4.084029497632467,0
0.2713758072091473,0.0593646313581201,4.715680630580798,0
0.2722488409943051,0.0611858128880461,4.539094170597377,0
0.3020452873574363,0.063664845811824,4.929612048655496,0
0.3187331184744835,0.072351635640694,4.54575047636513,0
0.2913033477962017,0.0680197924892935,4.10473462905105,0
0.2936229767898718,0.0622830573055479,4.6175399268866135,0
0.2791658722692066,0.0590489609166979,5.280774168858671,0
0.272033321360747,0.0557498009358015,5.2299819043598,0
0.1610511984262201,0.0394284608256485,4.1928159323823095,0
0.1808892740971512,0.0412039053108957,4.491347184891016,0
0.1594242550846603,0.0368449794542458,4.430040282568904,0
0.1672367434948682,0.0354669764637947,4.809138743731988,0
0.1949131457755963,0.046108078987648,4.363424616786638,0
0.1913782600313425,0.0448546820423669,4.397295897044032,0
0.2211822705964247,0.0506413572260903,4.53530652816895,0
0.1787176614420281,0.0461608437924749,3.9643854939553935,0
0.2272340655326843,0.0564850400615897,4.171503618705055,0
0.2193973118232356,0.04987534477065,4.495547087107673,0
0.2055337888499101,0.0498631821117467,4.181274355754155,0
0.2096790538893805,0.053711938050886,4.033658991195576,0
0.2205341040260262,0.0534572578552696,4.492545684134898,0
0.2410583454701635,0.0587901095342305,4.185320900533957,0
0.232941762647695,0.0505491835065186,4.715738336775291,0
0.1937776940564314,0.0475669567369752,4.116426931828837,0
0.2246515957845581,0.0455419144386218,4.889783835997203,0
0.2469093778895007,0.0629863027586705,4.038510537055648,0
0.2117975047892994,0.0481375331162578,4.683083608298489,0
0.1877045391334427,0.0448753180810146,4.452522262247691,0
0.1861181567526525,0.0469580880469746,4.193313874783599,0
0.2111287932429048,0.0476649480147494,4.495299730161107,0
0.2893095908479558,0.0570155814703967,4.9813079570968855,0
0.2529877273158895,0.0521903694089916,4.894730088046953,0
0.230129737406969,0.052272116454939,4.488999462446397,0
0.2779366183612082,0.0584820717987087,4.924983124833722,0
0.2546433032386833,0.0610967062206731,4.275700737890261,0
0.1626177792333894,0.0441081723612215,3.750228774020553,0
0.20934200204081,0.049531344945232,4.255881845585307,0
0.2616382787624995,0.0571921234950423,4.729624588742857,0
0.2750546625918812,0.0622663044681151,4.604455472955065,0
0.2541012888153394,0.05943714423726,4.443754679313205,0
0.2220226799448331,0.0535965011351638,4.265256061622558,0
0.0175508120511141,0.0054648539452399,3.2344958992746164,0
0.0209528343079404,0.0069733906291528,2.9393422807794165,0
0.0173319213144067,0.005949922138825,2.914214986055716,0
0.0204906874181081,0.0051689466409799,3.55757282809496,0
0.0168957766274818,0.005862521732019,2.810104860693289,0
0.0165333381284856,0.0051913930413623,3.2651005813927427,0
0.0145851254411455,0.0049301925723233,3.1142278935431813,0
0.0150559945420051,0.005275454902504,2.912964531829749,0
0.0160822734598898,0.0054725925955507,3.0367905907937547,0
0.0215925089497533,0.0064605097545103,3.4466886328855564,0
0.0143745826660758,0.0050061855322888,2.953202825223032,0
0.0150608604437568,0.0053245280093202,2.9126023754984027,0
0.0156074819517218,0.0054374911770638,3.059769840790045,0
0.0176973501220345,0.0051189285780613,3.43757211500832,0
0.0371100671796335,0.0060520947703884,4.663613449179581,0
0.0142412851564586,0.0049445972545072,2.9658203742738047,0
0.0422131923130816,0.0079805871743398,3.3194132197577595,0
0.0145315425470471,0.0047691090601599,3.1659085705056698,0
0.0163825281843956,0.0052379729200361,3.265397141523769,0
0.0176153795586691,0.0053734987482635,3.2947613480213658,0
0.0183515618555247,0.0058330021953831,3.233110465420085,0
0.0148558200130032,0.0049851804764734,3.0142932843361336,0
0.0166253056377172,0.0054434737604525,3.1802793703977628,0
0.0148677626728183,0.0052589882333349,2.938727310946763,0
0.0167676241447528,0.0056443212993649,3.065570860589011,0
0.0222069401707914,0.0055680681123501,3.7017210122236985,0
0.0167810821698771,0.0055612089991983,3.048398535823147,0
0.0197986036849518,0.0053323781273017,3.769832834807,0
0.026853449228737,0.0064304525601781,4.19160767629798,0
0.0152686429727408,0.0049689204186304,3.1729110465643515,0
0.0147828378248959,0.0050084965187124,2.9880921219730205,0
0.0140512165509992,0.0048858131437251,3.004045405407407,0
0.0173058897360331,0.0049635811915828,3.427905829270598,0
0.0171131039969623,0.005122640196027,3.325257741330128,0
0.0181008333133326,0.0053387964920451,3.386686931206468,0
0.0184613695471651,0.005705200575499,3.329023457448744,0
0.0192192857050233,0.0061354891578149,3.2355898166246897,0
0.022827534781148,0.0069265517457905,3.449297052172801,0
0.0149283707141876,0.0049504044323435,3.0869791088290057,0
0.0149953955680959,0.0048537440598011,3.2353309347856007,0
0.0139631083390365,0.0049263679150802,2.974843725811666,0
0.0174092282541096,0.0049055494859607,3.51359636265096,0
0.0199343104225893,0.0054202711132044,3.4873253902667125,0
0.0160052369141744,0.005229077871061,3.0775236070961807,0
0.0186886909003886,0.006101035254283,3.3712041229728507,0
0.0152219984059532,0.0053971904304085,2.969895155701424,0
0.0171220523512197,0.0056024275254458,3.1128987005497786,0
0.024769944190565,0.0061449512399526,3.8518584552797273,0
0.0150903908070176,0.0051382785119737,3.024489858775728,0
0.0149425437622186,0.0048442123224958,3.136144929848492,0
0.3099880483415391,0.0583334402698609,5.415615374594112,0
0.2982441232436233,0.0612596074740091,4.9452334218824,0
0.298212405708101,0.0614171208192904,4.966459573683548,0
0.3127710993091265,0.0636959042814042,5.001543509306967,0
0.291498908566104,0.0627756698264016,4.822581956887601,0
0.3220271675123108,0.0679091713908645,4.855008023289335,0
0.3643779572513368,0.0726681078473727,5.2159302894843576,0
0.3064408981137805,0.0684010608949595,4.697735265503577,0
0.3206207752227783,0.06025600578222,5.449226554979751,0
0.3041408583521843,0.0584538703163464,5.340909191113217,0
0.2685609480573071,0.0603289996377295,4.607535793368142,0
0.305163645495971,0.0599146427379714,5.239728371855771,0
0.3111603587037987,0.0615252868996726,5.44295838416819,0
0.318073582318094,0.0593459381618433,5.559574641854861,0
0.339438695874479,0.0604167448149787,5.783611669783432,0
0.3155564905868636,0.0648294547572732,5.120023209434558,0
0.2531061739557319,0.0551866307440731,4.687691558904805,0
0.2924451977014541,0.060584408748481,5.037120052588195,0
0.2524378622571627,0.0564948063757684,4.7480487412678185,0
0.2873162585828039,0.0587658383366134,5.167392930456703,0
0.3093885617951552,0.0639657530312736,4.941336376551582,0
0.2871738841964139,0.0634283680054876,4.637830051032739,0
0.3068319356275929,0.0626577011620004,4.997076078615425,0
0.2964881931742032,0.0588229166136847,5.091883163632044,0
0.2984158417416943,0.053883206927114,5.840415916984803,0
0.3043282760514153,0.0558306159865525,5.594746556791245,0
0.2843646154635482,0.0594387479747335,5.029182410887902,0
0.2874635068906678,0.0574632631614804,5.10687935219689,0
0.3074453965657287,0.0635979315266013,4.879806433765329,0
0.2924973120292027,0.0576649732473823,5.25144733185178,0
0.2995350137352943,0.0587146458112531,5.158141080917037,0
0.2594981027974022,0.0606090194649166,4.493134522170531,0
0.2683625183999538,0.058328335173428,4.724294746309011,0
0.3099398132827546,0.0566886961460113,5.587557648458891,0
0.338487047702074,0.0565263718987504,6.071299459452284,0
0.2785838064220216,0.0543885534215304,5.099735351303437,0
0.277613000323375,0.0590346116158697,4.805672145962138,0
0.3072672076523304,0.0592389193673928,5.238154146017591,0
0.3054737287263075,0.0586025331997209,5.437820074988673,0
0.2898062720066971,0.0577864779366387,5.19372052589998,0
0.2902443144056532,0.0585932433605194,5.023499769753537,0
0.268198365966479,0.0565005437367492,4.816513763262388,0
0.2526287204689449,0.0555443693366315,4.621125585626789,0
0.2878574190868271,0.0555818223704894,5.201182976994724,0
0.3079208326008584,0.057200298541122,5.424866437009022,0
0.3018122770720058,0.0587520524859428,5.278992050278014,0
0.3139600786897871,0.0614681657817628,5.2742334295978095,0
0.2909552512897385,0.0640908173388905,4.644623208656437,0
0.2891273664103614,0.0620470860352118,4.7235983110507975,0
0.2823560593856705,0.0597836118605401,4.836898455903623,0
0.0123295957326061,0.0058039085059944,2.178367512804492,0
0.0112984638092004,0.0057953791434152,2.0010923572217583,0
0.0120701561164524,0.0060386433421323,2.0565207732726254,0
0.011289508599374,0.0056902727810665,2.0908155898262013,0
0.0118558668634957,0.0057148415879863,2.1318327017566805,0
0.0126031834063016,0.0056633714250185,2.2692767437310346,0
0.0124685646086517,0.006023963020804,2.0937082155360773,0
0.012238866985879,0.0057235694192867,2.2884155579545395,0
0.0116876316929443,0.005893901676043,2.0238677994241603,0
0.0121557750066535,0.0059321431003303,2.0824772826607774,0
0.0127872605290677,0.0056832400021246,2.2942761127701146,0
0.0120664274759797,0.0056355376857229,2.187268838252713,0
0.0111241460803689,0.0055909766362876,2.008858712947862,0
0.0112829169698266,0.0053418420462144,2.20935458375654,0
0.0110596101601711,0.0057594167689482,1.9594210904916725,0
0.0139716405602585,0.0060437440665231,2.190453316189887,0
0.011954128380037,0.0057991570987117,2.100298723411336,0
0.0189616179041978,0.006115840954913,2.505261070366428,0
0.0296728813684441,0.0060912638048951,3.199121281186514,0
0.0127797342138364,0.0058660611587887,2.255656125000689,0
0.0110785483330902,0.0052728190267872,2.1897436177090146,0
0.0111985582237442,0.0056912861764431,1.9779395646642783,0
0.0120512597107638,0.0053943360043275,2.2383858758763604,0
0.0118643204267654,0.0054883631851731,2.213560804308104,0
0.0113312902135981,0.0058633459524975,1.9670097582896475,0
0.0118035385126454,0.0058784490295996,2.092814615044776,0
0.0115718810637998,0.0055923759419884,2.1777900668989094,0
0.0116922222595247,0.005578664474241,2.150588906676642,0
0.0124620213043979,0.0053629953957473,2.3638230176747284,0
0.0124010905080164,0.0051075134866146,2.5180251597987398,0
0.0125194635475054,0.0054758511121488,2.367464949975572,0
0.0122561345989298,0.0056075469021581,2.231689613741497,0
0.0115826857767792,0.0055299816497912,2.096408825395401,0
0.0121564242419683,0.0056460499440112,2.184608843633149,0
0.0124771046814405,0.0058131218409269,2.195228323608598,0
0.012585406553828,0.005615342912885,2.314823388173278,0
0.0122024904186319,0.0055857790349465,2.227109183765605,0
0.0118900863841796,0.0057038767780694,2.2293157891697817,0
0.0121462747402903,0.0060762358674158,2.127490220346965,0
0.0136907814950164,0.005342915511897,2.5893655481043427,0
0.0139718258934509,0.0051255522347572,2.7627202987267374,0
0.0131690187327977,0.0055017054546624,2.4832981508079626,0
0.0119628085521981,0.0054663261722048,2.252791385718746,0
0.0121205485581109,0.0054099447119774,2.3249481952764235,0
0.0123814461856252,0.0052037695034717,2.4172554556299506,0
0.0168572522104821,0.005488928362158,3.117913857629256,0
0.0193320350824958,0.0056428058823156,3.520067542952183,0
0.0131013528702573,0.0056793810799717,2.385010332667792,0
0.0117297695509882,0.0056967821308515,2.0645283860200974,0
0.0135654746813492,0.0064882735540676,2.1000526352417648,0
0.2634894069698121,0.0648731131934457,4.240848888763763,0
0.2357229557302263,0.0647114291787147,3.753682287356187,0
0.2409188929531309,0.0617278673582606,4.03222970958998,0
0.2636750895116064,0.0606038336538606,4.431720168261116,0
0.2679614242580201,0.0619350822849406,4.401756579731067,0
0.2427522569066948,0.0642510637020071,3.865748269750553,0
0.2133039244347148,0.0589161097175545,3.706934258739019,0
0.2048289146688249,0.0580358627355761,3.562968544756854,0
0.2211592528555128,0.0637656551682286,3.5528966273435234,0
0.2415701705548498,0.0638108872291114,3.868447896591737,0
0.2387526523735788,0.0658534647276004,3.684404051786036,0
0.2567492632402314,0.0700828365774618,3.705245733348374,0
0.2895170901384618,0.0657337871897551,4.597857581911793,0
0.2677609278923935,0.0645026802602741,4.277732422418762,0
0.2150104488763544,0.0599947366863489,3.614269299200373,0
0.2241311329934332,0.0628793061607413,3.649803471893599,0
0.2238687309953901,0.0689513076924615,3.329808318832777,0
0.226042591035366,0.0636021002299255,3.68750146688768,0
0.2405995577573776,0.0654025473114517,3.819129176126694,0
0.2584657222032547,0.0713693439546558,3.7685261880572463,0
0.2798243852125274,0.0666395906979839,4.311799872187742,0
0.2633876837790012,0.0668406206079655,3.9949145608095904,0
0.2512909447153409,0.0654172180220484,3.963082209049551,0
0.2691752285593086,0.0630403229345877,4.353979858900226,0
0.254873227328062,0.0645975203563769,4.187439840323008,0
0.2574471591247452,0.0654436306407054,4.085258966787885,0
0.2541409606734912,0.0611191702385743,4.235100173779526,0
0.2310965723461575,0.0611618885563479,3.8491388232709554,0
0.263537037703726,0.067842626116342,4.088546916694751,0
0.2653415095474984,0.0716866854992177,3.896124530828424,0
0.2886201325390074,0.0685358380691872,4.356952252889744,0
0.245279151532385,0.0650582895096805,3.929644220316137,0
0.292216907772753,0.0712299772227803,4.162159645303914,0
0.2718545119795534,0.0632522789140542,4.358183030139663,0
0.2658653064734406,0.0654864520248439,4.124448817290077,0
0.2744982610974047,0.0648222441474596,4.384246676107001,0
0.2261858110626538,0.0643379642731613,3.604715169825001,0
0.2470168823169337,0.0699320376540223,3.64006635894336,0
0.2435388258761829,0.0621316372934314,3.931573350861273,0
0.2734923933943112,0.0656586063818799,4.2433393514210405,0
0.2359922660721672,0.0621191331495841,4.084908344394285,0
0.2560521960258484,0.0647828564461734,4.096593029038184,0
0.2383202057745721,0.0607163310050964,4.092822203830647,0
0.2306509613990783,0.0592246544029977,3.997485343388957,0
0.2323673731750912,0.0630258632202943,3.783574577953005,0
0.2670169418884648,0.0630487207737234,4.2889037932956455,0
0.2644935064017772,0.0689335487162073,3.929645172867856,0
0.2860530718333191,0.0692935559070772,4.231479210541432,0
0.2817522920668125,0.0691794345362318,4.105437745302242,0
0.2840505263043774,0.0723560767041312,4.0442104699658925,0
